,Name0,Desc1,Desc2,HEX,R,G,B,Hue,Sat,Lum
0,black,Black,Black,#000000,0,0,0,0.0,0.0,0.0
2,blue,blue,Bright blue,#4169E1,65,105,225,225.0,72.7,56.9
6,blue,cyan-blue,Bright blue,#45B1E8,69,177,232,200.0,78.0,59.0
8,blue,cyan-blue,Bright blue,#3E8EDE,62,142,222,210.0,70.8,55.7
10,blue,medium light blue,Bright blue,#4166F5,65,102,245,228.0,90.0,60.8
11,blue,cyan,Bright cyan,#3ECAE8,62,202,232,191.0,78.7,57.6
12,cyan,cyan,Bright cyan,#40E0D0,64,224,208,174.0,72.1,56.5
13,green,green,Bright green,#A7F432,167,244,50,84.0,89.8,57.6
16,green,yellow-green,Bright green,#C2F732,194,247,50,76.0,92.5,58.2
23,brown,orange,Bright orange,#E18731,225,135,49,29.0,74.6,53.7
40,pink,medium light pink,Bright pink,#FD3F92,253,63,146,334.0,97.9,62.0
49,purple,magenta,Bright purple,#DF33EA,211,56,234,292.0,81.3,55.9
50,purple,magenta,Bright purple,#ED3CCA,237,60,202,312.0,83.1,58.2
51,red,pink-red,Bright red,#EF3038,239,48,36,4.0,85.7,56.3
53,red,pink-red,Bright red,#E44165,228,65,101,347.0,75.1,57.5
61,red,red,Bright red,#d9463e,217,70,62,3.0,67.1,54.7
68,purple,blue-magenta,Bright violet,#9842E3,152,66,227,272.0,74.2,57.5
71,yellow,yellow-green,Bright yellow,#FAFA37,250,250,55,60.0,95.1,59.8
72,brown,brown,Brown,#e69b3a,230,155,58,33.0,77.5,56.5
73,blue,blue,Dark blue,#324AB2,50,74,178,229.0,56.1,44.7
74,blue,cyan-blue,Dark blue,#3176AF,49,118,173,207.0,56.3,43.9
80,blue,medium dark blue,Dark blue,#0033AA,0,51,170,222.0,100.0,33.3
92,blue,medium dark blue,Dark blue,#0a1195,10,17,149,237.0,87.4,31.2
107,blue,medium dark cyan-blue,Dark blue,#035096,3,80,150,209.0,96.1,30.0
122,brown,red-orange,Dark brown,#AF593E,175,89,67,12.0,47.7,46.5
126,green,dark green-cyan,Dark cyan,#00755E,0,117,94,168.0,100.0,22.9
134,cyan,medium dark cyan,Dark cyan,#009698,0,150,152,181.0,100.0,29.8
141,green,green,Dark green,#66B032,102,176,50,95.0,55.8,44.3
144,green,medium dark yellow-green,Dark green,#6B8E23,107,142,35,80.0,60.5,34.7
146,grey,grey,Dark grey,#808080,128,128,128,0.0,0.0,50.2
149,grey,blue,Dark greyish blue,#838996,131,150,156,194.0,8.3,55.1
151,grey,blue-magenta,Dark greyish blue,#777696,119,118,150,242.0,13.2,52.5
154,grey,cyan-blue,Dark greyish blue,#778899,119,136,153,210.0,14.3,53.3
156,grey,medium light blue,Dark greyish blue,#8C92AC,140,146,172,229.0,16.2,61.2
158,grey,medium light blue-magenta,Dark greyish blue,#AAA9AD,170,169,173,255.0,2.4,67.1
159,grey,medium light cyan-blue,Dark greyish blue,#91A3B0,145,163,176,205.0,16.4,62.9
160,grey,brown,Dark greyish brown,#8B8680,139,134,128,33.0,4.5,52.4
163,grey,cyan,Dark greyish cyan,#86aba5,134,171,165,170.0,18.0,59.8
164,grey,cyan,Dark greyish cyan,#718080,113,128,128,180.0,6.2,47.3
166,grey,green-cyan,Dark greyish cyan,#6a7f7a,106,127,122,165.0,9.0,45.7
167,grey,green,Dark greyish green,#8c9c76,140,156,118,85.0,16.1,53.7
168,grey,green,Dark greyish green,#78866B,120,134,107,91.0,11.2,47.3
169,grey,green,Dark greyish green,#63775b,99,119,91,102.0,13.3,41.2
170,grey,yellow-green,Dark greyish green,#8F9779,143,151,121,76.0,12.6,53.3
171,grey,green,Dark greyish green-cyan,#738678,115,134,120,136.0,7.6,48.8
172,grey,green-cyan,Dark greyish green-cyan,#819c8b,129,156,139,142.0,12.0,55.9
173,grey,green-cyan,Dark greyish green-cyan,#8DA399,141,163,153,153.0,10.7,59.6
174,grey,green,Dark greyish lime green,#757d75,117,125,117,120.0,3.3,47.5
176,grey,green,Dark greyish lime green,#828e84,130,142,132,130.0,5.0,53.3
178,grey,orange,Dark greyish orange,#97867c,151,134,124,22.0,11.5,53.9
180,grey,magenta-pink,Dark greyish pink,#8B8589,139,133,137,320.0,2.5,53.3
182,grey,pink,Dark greyish pink,#9C7687,156,118,135,333.0,16.1,53.7
184,grey,magenta,Dark greyish purple,#8A7F8D,138,127,141,287.0,5.8,52.5
186,grey,magenta,Dark greyish purple,#A17E9A,161,126,154,312.0,15.7,56.3
187,grey,medium light magenta,Dark greyish purple,#AA98A9,170,152,169,303.0,9.6,63.1
190,grey,pink-red,Dark greyish red,#98777B,152,119,123,353.0,13.8,53.1
192,brown,red,Dark greyish red,#AD8884,173,160,132,41.0,20.0,59.8
194,grey,red,Dark greyish red,#A3807B,163,128,123,8.0,17.9,56.1
196,grey,blue-magenta,Dark greyish violet,#766980,118,105,128,273.0,9.9,45.7
198,grey,magenta,Dark greyish violet,#716675,113,102,117,284.0,6.8,42.9
200,grey,yellow,Dark greyish yellow,#878681,135,134,129,50.0,2.4,51.8
202,grey,yellow-green,Dark greyish yellow,#898a74,137,138,116,62.0,8.7,49.8
206,green,green,Dark lime green,#27A640,39,166,76,137.0,62.0,40.2
212,green,medium dark green,Dark lime green,#18880d,24,136,13,114.0,82.6,29.2
224,green,medium dark green-cyan,Dark lime green,#009150,0,145,80,153.0,100.0,28.4
234,brown,medium dark pink-red,Dark medium red,#7e2639,126,38,57,347.0,53.7,32.2
236,blue,blue,Dark moderate blue,#39569c,57,86,156,222.0,46.5,41.8
237,blue,blue,Dark moderate blue,#545AA7,84,90,167,236.0,33.1,49.2
238,blue,cyan,Dark moderate blue,#44798e,68,121,142,197.0,35.2,41.2
242,blue,cyan-blue,Dark moderate blue,#44719B,68,113,155,209.0,39.0,43.7
247,blue,medium dark blue,Dark moderate blue,#333C87,51,60,135,234.0,45.2,36.5
249,blue,medium dark blue-magenta,Dark moderate blue,#2E2D88,46,45,136,241.0,50.3,35.5
254,blue,medium dark cyan-blue,Dark moderate blue,#2E5090,46,80,144,219.0,51.6,37.3
255,purple,medium dark blue-magenta,Dark moderate blue-purple,#4B308D,75,48,141,257.0,49.2,37.1
256,brown,brown,Dark moderate brown,#b08d57,176,141,87,36.0,36.0,51.6
258,brown,red-orange,Dark moderate brown,#985538,152,85,56,18.0,46.2,40.8
262,green,green-cyan,Dark moderate cyan,#39A78E,57,167,142,166.0,49.1,43.9
264,blue,medium dark cyan,Dark moderate cyan,#317589,49,117,137,193.0,47.3,36.5
266,cyan,medium dark cyan,Dark moderate cyan,#2F847C,47,132,124,174.0,47.5,35.1
268,green,medium dark cyan,Dark moderate cyan,#36747D,54,116,125,188.0,39.7,35.1
270,green,green,Dark moderate green,#6f9940,111,153,64,88.0,41.0,42.5
272,green,green,Dark moderate lime green,#4C9141,76,145,65,112.0,38.1,41.2
274,green,medium dark green,Dark moderate lime green,#4F7942,79,121,66,106.0,29.4,36.7
276,green,medium dark green,Dark moderate lime green,#2e963d,46,150,61,128.0,53.1,38.4
278,pink,pink,Dark moderate pink,#AA4069,170,64,105,337.0,45.3,45.9
282,purple,pink,Dark moderate pink,#A8516E,168,81,110,340.0,34.9,48.8
284,brown,pink-red,Dark moderate pink-red,#AB5C6D,171,92,109,347.0,32.0,51.6
286,purple,blue-magenta,Dark moderate purple,#5946B2,89,70,178,251.0,43.5,48.6
288,purple,magenta,Dark moderate purple,#8F509D,143,80,157,289.0,32.5,46.5
289,purple,magenta,Dark moderate purple,#A757AB,167,87,171,297.0,33.3,50.6
292,purple,magenta,Dark moderate purple,#98508E,152,80,142,308.0,31.0,45.5
299,purple,magenta-pink,Dark moderate purple,#A85387,168,83,135,323.0,33.9,49.2
308,purple,medium dark blue-magenta,Dark moderate purple,#3E2F84,62,47,132,251.0,47.5,35.1
312,brown,pink-red,Dark moderate red,#AB4E52,171,78,82,357.0,37.3,48.8
322,brown,red,Dark moderate red,#B0665C,176,102,92,7.0,34.7,52.5
327,purple,blue-magenta,Dark moderate violet,#6B3FA0,107,63,160,267.0,43.5,43.7
333,purple,magenta,Dark moderate violet,#7f3e98,127,62,152,283.0,42.1,42.0
334,brown,yellow,Dark moderate yellow,#9c8a4d,156,138,77,46.0,33.9,45.7
335,green,yellow-green,Dark moderate yellow-green,#96a53c,150,165,60,68.0,46.7,44.1
336,brown,dark brown,Dark brown,#7B3F00,123,63,0,31.0,100.0,24.1
339,brown,medium dark brown,Medium dark brown,#804000,128,64,0,30.0,100.0,25.1
349,brown,medium dark orange,Dark brown,#933709,147,55,9,20.0,88.5,30.6
361,brown,medium dark yellow,Medium dark yellow-brown,#a17917,161,121,23,43.0,75.0,36.1
363,brown,orange,Brown,#a96232,169,98,50,24.0,54.3,42.9
364,brown,red-orange,Brown,#A0522D,160,82,45,19.0,56.1,40.2
375,pink,medium dark pink,Dark pink,#B11355,177,19,85,335.0,80.6,38.4
388,purple,medium dark magenta,Dark purple,#731E8F,115,30,143,285.0,65.3,33.9
391,purple,medium dark magenta,Dark purple,#7D2181,125,33,129,298.0,59.3,31.8
400,brown,dark red,Dark brown,#7C0A02,124,10,2,4.0,96.8,24.7
402,red,medium dark red,Dark red,#a40000,164,0,0,0.0,100.0,32.2
406,purple,medium dark pink-red,Dark brown,#800020,128,0,32,345.0,100.0,25.1
409,red,medium dark pink-red,Dark red,#990024,97,64,81,329.0,100.0,30.0
420,red,medium dark pink-red,Dark red,#b2071d,178,7,29,352.0,92.4,36.3
432,brown,medium dark red,Dark brown,#9d2b22,157,43,34,4.0,64.4,37.5
449,red,medium dark red,Medium dark red,#A81C07,168,28,7,8.0,92.0,34.3
452,brown,medium dark red-orange,Moderate dark brown,#7C1C05,124,28,5,12.0,92.2,25.3
456,red,pink-red,Dark red,#AE2029,174,22,42,352.0,68.9,40.4
457,red,pink-red,Dark red,#B21B1C,178,27,28,360.0,73.7,40.2
459,brown,red,Dark red,#A83731,168,55,49,3.0,54.8,42.5
463,brown,red-orange,Brown,#b14a30,177,74,48,12.0,57.3,44.1
467,purple,medium dark blue-magenta,Dark violet,#512888,81,40,136,266.0,54.5,34.5
475,grey,dark yellow,Dark olive,#737000,115,112,0,58.0,100.0,22.5
483,brown,yellow,Dark yellow brown,#aa8736,170,135,54,41.0,51.8,43.9
487,grey,medium light grey,Grey,#ACACAC,172,172,172,0.0,0.0,67.5
490,grey,light blue-magenta,Greyish blue,#C4C3D0,196,195,221,242.0,12.1,79.0
492,grey,light cyan-blue,Greyish blue,#BFC1C2,191,193,194,200.0,2.4,75.5
494,grey,medium light cyan-blue,Greyish blue,#A9B2C3,169,178,195,219.0,17.8,71.4
495,blue,medium light blue,Greyish blue,#A2ADD0,162,173,208,226.0,32.9,72.5
496,grey,medium light blue-magenta,Greyish blue,#A2A2D0,162,162,208,240.0,32.9,72.5
498,grey,medium light cyan-blue,Greyish blue,#8BA8B7,139,168,183,200.0,23.4,63.1
499,brown,medium light brown,Greyish brown,#ABA092,71,100,146,217.0,13.0,62.2
500,brown,medium light brown,Greyish brown,#AF9E89,175,158,137,33.0,19.2,61.2
502,green,light cyan,Greyish cyan,#B4CFD3,180,207,211,188.0,26.1,76.7
503,cyan,light green-cyan,Greyish cyan,#AFD0CA,175,208,202,169.0,26.0,75.1
504,grey,medium light cyan,Grey,#B8C2C2,184,194,194,180.0,7.6,74.1
505,grey,light green-cyan,Greyish cyan,#bbd0c9,187,208,201,160.0,18.3,77.5
506,grey,medium light green,Grey,#B2BEB5,178,190,181,135.0,8.5,72.2
507,grey,medium light green-cyan,Greyish green-cyan,#A3C1AD,163,193,173,140.0,19.5,69.8
508,grey,medium light green-cyan,Greyish green-cyan,#A8C3BC,168,195,188,164.0,18.4,71.2
509,grey,medium light green,Grey-green,#afb1ae,175,177,174,99.0,1.9,68.8
510,grey,medium light green,Greyish green,#a5ba93,165,186,147,92.0,22.0,65.3
512,grey,medium light green,Greyish green,#AEBEA6,142,190,166,150.0,15.6,69.8
513,grey,medium light yellow-green,Greyish green,#ACB78E,172,183,142,76.0,22.2,63.7
514,grey,medium light green-cyan,Greyish green-cyan,#96ABA5,134,171,165,170.0,11.1,62.9
515,green,medium light green,Greyish lime green,#8FBC8F,143,188,143,120.0,25.1,64.9
516,green,medium light green,Greyish lime green,#96C8A2,150,200,162,134.0,31.3,68.6
517,grey,light magenta,Greyish purple,#D8BFD8,216,191,216,300.0,24.3,79.8
518,purple,light magenta,Greyish purple,#D8B2D1,219,178,209,315.0,32.8,77.3
519,grey,medium light magenta,Greyish purple,#b39eb5,179,158,181,294.0,13.5,66.5
520,purple,medium light magenta,Greyish purple,#AB92B3,171,146,179,285.0,17.8,63.7
522,purple,medium light magenta,Greyish purple,#CAABD0,202,171,208,290.0,28.2,74.3
524,purple,medium light magenta,Greyish purple,#CBA2C8,200,162,200,300.0,28.3,71.6
526,purple,medium light magenta,Greyish purple,#C79FC4,231,159,196,329.0,26.3,70.2
527,grey,light orange,Greyish brown,#C9C0BB,201,192,187,21.0,11.5,76.1
528,brown,medium light brown,Greyish orange,#d1bea8,209,190,168,32.0,30.8,73.9
530,grey,medium light orange,Greyish orange,#bea493,190,164,147,23.0,24.9,66.1
532,grey,medium light yellow,Greyish brown,#c6c2b6,198,194,182,44.0,12.3,74.5
533,purple,medium light magenta,Greyish pink,#C49FBA,196,159,186,316.0,23.9,69.6
534,grey,medium light magenta-pink,Greyish pink,#AA8A9E,170,138,158,323.0,15.8,60.4
535,grey,medium light pink,Greyish pink,#B89CA9,184,156,169,332.0,16.5,66.7
536,grey,medium light pink,Greyish pink,#C3A6B1,195,166,177,337.0,19.5,70.8
539,grey,medium light pink-red,Greyish red,#AD9194,173,145,148,354.0,14.6,62.4
540,grey,medium light pink-red,Greyish red,#BFAFB2,191,175,178,349.0,11.1,71.8
541,grey,medium light pink-red,Greyish red,#C09396,217,166,169,356.0,26.3,66.5
543,brown,medium light red,Greyish red,#C09999,192,153,153,0.0,23.6,67.6
545,grey,medium light red,Greyish red,#C4AEAD,196,174,173,3.0,16.3,72.4
546,grey,medium light red-orange,Greyish red,#C1B6B3,193,182,179,13.0,10.1,72.9
548,purple,medium light blue-magenta,Greyish violet,#B2A4D4,178,164,202,262.0,35.8,73.7
549,grey,medium light magenta,Greyish violet,#BAA8C1,186,168,193,283.0,16.8,70.8
550,grey,light yellow-green,Greyish yellow,#cfcfc4,207,207,196,60.0,10.3,79.0
552,grey,medium light yellow,Greyish yellow,#A79E8B,167,158,139,41.0,13.7,60.0
553,blue,medium light blue,Medium light blue,#4666FF,70,102,255,230.0,100.0,63.7
554,blue,medium light blue-magenta,Medium light blue,#6666ff,102,102,255,240.0,100.0,70.0
558,grey,light grey,Light grey,#cfcfcf,207,207,207,0.0,0.0,81.2
562,blue,light blue,Light greyish blue,#C5D0E6,197,208,230,220.0,39.8,83.7
563,blue,light blue,Light greyish blue,#C5CBE1,197,203,225,228.0,31.8,82.7
564,blue,light blue,Light greyish blue,#bfc0ee,191,192,238,238.0,58.0,84.1
565,purple,light blue-magenta,Light greyish purple,#C5C2EF,197,194,239,244.0,58.4,84.9
566,blue,light cyan-blue,Light greyish blue,#c4d8e2,196,216,226,199.0,34.1,82.7
567,blue,light cyan-blue,Light greyish blue,#BCD4E6,188,212,230,206.0,45.7,82.0
568,grey,very light blue,Very light greyish blue,#e9edf6,233,237,246,221.0,41.9,93.9
569,grey,very light blue,Very light greyish blue,#ebecf0,235,236,240,227.0,14.3,93.1
570,grey,very light blue-magenta,Very light greyish purple,#F5F5FD,245,245,253,240.0,66.7,97.6
571,grey,very light blue-magenta,Light greyish purple,#D9D8EA,217,216,234,243.0,30.0,88.2
573,purple,very light blue-magenta,Light greyish purple,#CEC8EF,206,200,239,249.0,54.9,86.1
574,purple,very light blue-magenta,Light greyish purple,#D8D0F5,216,208,245,253.0,64.9,88.8
575,purple,very light blue-magenta,Very light greyish purple,#F0EEFD,249,238,253,284.0,78.9,96.3
576,white,very light blue-magenta,Very light greyish purple,#F9F8FE,249,248,254,250.0,75.0,98.4
577,blue,very light cyan-blue,Light greyish purple,#dbe9f4,219,233,244,206.0,53.2,90.8
578,grey,very light cyan-blue,Very light grey,#f2f3f4,242,243,244,210.0,8.3,95.3
580,blue,very light cyan,Light greyish cyan,#d4f1f9,212,241,249,192.0,75.5,90.4
582,grey,very light cyan,Light greyish cyan,#DEEBEC,222,235,236,184.0,26.9,89.8
583,green,light green-cyan,Light greyish green-cyan,#CBE3D7,200,227,215,153.0,30.0,84.3
584,green,light green-cyan,Light greyish green-cyan,#BFDCD4,191,220,212,163.0,29.3,80.6
585,green,very light green-cyan,Very light greyish cyan,#e9f6ef,233,246,239,147.0,41.9,93.9
586,green,very light green-cyan,Very light greyish cyan,#E6F8F3,230,248,243,163.0,56.3,93.7
587,grey,light green,Light greyish green,#DDECC0,221,236,192,80.0,53.7,83.9
588,grey,light yellow-green,Light greyish green,#d8e4bc,216,228,188,78.0,42.6,81.6
589,grey,very light green,Light grey,#e2e5de,226,229,222,85.0,11.9,88.4
590,grey,light magenta,Light greyish purple,#DFD2DF,223,210,222,305.0,16.9,84.9
592,purple,very light magenta,Very light purple,#FAE6FA,250,230,250,300.0,66.7,94.1
593,grey,light brown,Light greyish brown,#DBD7D2,219,215,210,33.0,11.1,84.1
594,grey,light brown,Light greyish brown,#E3DAC9,227,218,201,39.0,31.7,83.9
595,brown,light orange,Light brown,#ECD5C5,236,213,197,25.0,50.6,84.9
596,grey,light orange,Light greyish brown,#DCD7D4,220,215,212,22.0,10.3,84.7
597,grey,very light brown,Very light brown,#FAF0E6,250,240,230,30.0,66.7,94.1
598,grey,very light brown,Very light brown,#e6e0d4,230,224,212,39.0,26.5,86.7
599,grey,very light orange,Very light brown,#F1DDCF,241,221,207,25.0,54.8,87.8
605,grey,very light brown,Light greyish brown,#F2E8D7,242,232,215,38.0,50.9,89.6
615,pink,very light magenta-pink,Very light greyish purple,#F9EAF3,249,234,243,324.0,55.6,94.7
620,grey,very light pink,Light greyish pink,#E8CCD7,232,204,215,336.0,37.8,85.5
621,grey,very light pink,Light greyish pink,#EBCBD6,237,203,214,341.0,44.4,85.9
622,pink,very light pink,Light greyish pink,#FDE3F0,253,227,240,330.0,86.7,94.1
623,pink,very light pink,Light greyish pink,#F6C6D8,246,198,216,338.0,72.7,87.1
624,pink,very light pink,Light greyish pink,#FDDDE6,253,221,230,343.0,88.9,92.9
625,grey,light pink-red,Light greyish red,#DDBEC3,221,190,195,350.0,31.3,80.6
626,brown,light red,Light greyish red,#E2CACA,226,202,202,0.0,29.3,83.9
628,grey,light red,Light greyish red,#E1C7C3,225,199,195,8.0,33.3,82.4
630,pink,very light pink-red,Very light pink-red,#FADADD,250,218,221,354.0,76.2,91.8
632,brown,very light red,Light greyish red,#EBDBDB,235,219,219,0.0,28.6,89.0
634,grey,very light red,Light greyish red,#E4D3D2,228,211,210,3.0,25.0,85.9
636,grey,very light red,Light greyish red,#EBE1DF,235,225,223,10.0,23.1,89.8
637,pink,very light red,Very light pink-red,#FACCCA,249,204,202,3.0,82.8,88.6
638,purple,light blue-magenta,Light greyish violet,#D0C0E5,208,192,229,266.0,41.6,82.5
640,purple,light blue-magenta,Light greyish violet,#CFB8DE,207,184,222,276.0,36.5,79.6
642,purple,light blue-magenta,Light greyish violet,#D4BEEB,228,190,235,291.0,52.9,83.3
643,grey,very light blue-magenta,Very light grey,#E7E4EF,231,228,255,247.0,25.6,91.6
644,purple,very light blue-magenta,Light greyish violet,#EBE3FC,235,227,252,259.0,80.6,93.9
645,purple,very light blue-magenta,Light greyish violet,#EBE4F4,235,228,244,266.0,42.1,92.5
646,grey,light yellow,Light greyish yellow,#ECEBBD,236,235,189,59.0,55.3,83.3
648,grey,very light yellow,Very light greyish yellow,#EDEAE0,237,234,224,50.0,26.5,90.4
649,brown,very light yellow,White,#fefdfa,254,253,250,45.0,66.7,98.8
651,grey,very light yellow,Very light greyish yellow,#F4EED7,244,238,215,48.0,56.9,90.0
654,white,very light yellow-green,White,#FEFEFA,254,254,250,60.0,66.7,98.8
656,green,medium light green,Light lime green,#66FF66,102,255,102,120.0,100.0,70.0
657,green,medium light green,Light lime green,#7FFF55,127,255,85,105.0,100.0,66.7
658,green,medium light green,Light lime green,#5cff67,92,255,103,124.0,100.0,68.0
659,purple,medium light magenta,Light magenta,#FF66FF,255,102,255,300.0,100.0,70.0
660,orange,medium light brown,Light orange,#FFAE42,255,174,66,34.0,100.0,62.9
661,orange,medium light red-orange,Light orange,#FF9966,255,153,102,20.0,100.0,70.0
662,yellow,medium light yellow,Medium light yellow,#ffce44,255,206,68,44.0,100.0,63.3
664,brown,medium light brown,Light orange,#ffb95a,255,185,90,34.0,100.0,67.6
667,orange,medium light brown,Light orange,#ffc34d,255,195,77,39.0,100.0,65.1
668,orange,medium light orange,Light orange,#FF8243,255,130,67,20.0,100.0,63.1
670,orange,medium light orange,Light orange,#ff8936,255,137,54,24.0,100.0,60.6
672,orange,medium light red-orange,Light orange,#FF7F50,255,127,80,16.0,100.0,65.7
675,pink,medium light magenta-pink,Light pink,#FF66CC,255,102,204,320.0,100.0,70.0
678,pink,medium light pink,Light pink,#FF55A3,255,85,163,332.0,100.0,66.7
685,pink,medium light pink-red,Light red,#FF5470,255,84,112,350.0,100.0,66.5
689,red,medium light pink-red,Light red,#ff404c,255,64,76,356.0,100.0,62.5
690,orange,medium light red,Light red,#FF5349,255,83,73,3.0,100.0,64.3
692,orange,medium light red,Light red,#FF5A36,255,90,54,11.0,100.0,60.6
694,red,medium light red,Light red,#FF3F34,255,63,52,3.0,100.0,60.2
697,orange,medium light red-orange,Light red,#FF6E4A,255,110,74,12.0,100.0,64.5
699,purple,medium light blue-magenta,Light violet,#9966FF,153,102,255,260.0,100.0,70.0
700,yellow,medium light yellow-green,Light yellow,#FFFF66,255,255,102,60.0,100.0,70.0
702,yellow,medium light yellow,Medium light yellow,#ffdf46,255,223,70,49.0,100.0,63.7
704,yellow,medium light yellow,Light yellow,#FFF44F,255,244,79,56.0,100.0,65.5
706,purple,medium dark blue-magenta,Medium dark blue-purple,#58427C,88,66,124,263.0,30.5,37.3
710,brown,medium dark brown,Medium dark brown,#826644,130,102,68,33.0,31.3,38.8
711,brown,medium dark brown,Medium dark brown,#896c39,137,108,57,38.0,41.2,38.0
713,brown,medium dark orange,Medium dark brown,#84563c,132,86,60,21.0,37.5,37.6
716,brown,medium dark orange,Medium dark brown,#7f5d3b,127,93,59,29.0,36.6,36.5
717,brown,medium dark red-orange,medium dark brown,#824b35,130,75,53,17.0,42.1,35.9
718,brown,medium dark red-orange,Medium dark brown,#8c4736,140,71,54,11.0,44.3,38.0
719,green,green,Medium dark green,#4D8C57,77,140,87,130.0,29.0,42.5
720,green,medium dark green,Medium dark green,#2f7532,47,117,50,122.0,42.7,32.2
721,green,medium dark green,Medium dark green,#407a52,64,122,82,138.0,31.2,36.5
722,green,medium dark green,Medium dark green,#5b8930,91,137,48,91.0,48.1,36.3
724,green,medium dark green,Medium dark green,#3C8043,60,128,67,126.0,36.2,36.9
728,green,medium dark green-cyan,Medium dark green,#14A989,20,169,137,167.0,78.8,37.1
734,green,medium dark green-cyan,Medium dark green-cyan,#3B7A57,59,122,87,147.0,34.8,35.5
735,green,medium dark green-cyan,Medium dark green-cyan,#3B7861,59,120,97,157.0,34.1,35.1
736,green,medium dark green-cyan,Medium dark green-cyan,#40826D,64,130,109,161.0,34.0,38.0
740,purple,medium dark pink,Medium dark pink,#892D52,137,45,82,336.0,50.5,35.7
743,purple,medium dark blue-magenta,Medium dark purple,#663399,102,51,153,270.0,50.0,40.0
744,purple,medium dark magenta,Medium dark purple,#733380,115,51,128,290.0,43.0,35.1
746,purple,medium dark magenta,Medium dark purple,#763568,118,53,104,312.0,38.0,33.5
748,purple,medium dark magenta,Medium dark purple,#6C3082,108,48,130,284.0,46.1,34.9
749,purple,medium dark magenta-pink,Medium dark pink,#873260,135,50,96,328.0,45.9,36.3
754,brown,medium dark red,Medium dark brown,#7B3636,123,54,54,0.0,39.0,34.7
758,brown,medium dark red,Medium dark brown,#934337,147,67,55,7.0,45.5,39.6
762,grey,medium dark yellow,Medium dark yellow,#807532,128,117,50,52.0,43.8,34.9
764,green,medium dark yellow-green,Medium dark yellow-green,#7a942e,122,148,46,75.0,52.6,38.0
765,grey,medium dark yellow-green,Medium dark yellow-green,#7C7C40,124,124,64,60.0,31.9,36.9
766,brown,medium light brown,Medium light brown,#faa945,250,169,69,33.0,94.8,62.5
767,pink,medium light pink-red,Medium light pink-red,#fe4164,254,65,100,348.0,99.0,62.5
768,pink,medium light pink-red,Medium light pink-red,#FD3A4A,253,58,74,355.0,98.0,61.0
770,orange,medium light red,Medium light red,#fd5240,253,82,64,5.0,97.9,62.2
771,orange,medium light red,Medium light red,#FA5B3D,250,91,61,10.0,95.0,61.0
773,blue,blue,Moderate blue,#446CCF,68,108,207,223.0,59.1,53.9
777,purple,blue-magenta,Moderate blue-purple,#4F42B5,79,66,181,247.0,46.6,48.4
784,blue,cyan-blue,Moderate cyan-blue,#458AC6,69,138,198,208.0,53.1,52.4
789,brown,brown,Moderate brown,#b07939,176,121,57,32.0,51.1,45.7
793,brown,orange,Moderate brown,#A67B5B,166,123,91,26.0,29.6,50.4
799,blue,cyan,Moderate cyan,#3AA1C1,58,161,193,194.0,53.8,49.2
803,cyan,cyan,Moderate cyan,#43B3AE,67,179,174,177.0,45.5,48.2
807,cyan,cyan,Moderate cyan,#3aa8c1,58,168,193,191.0,53.8,49.2
808,green,green-cyan,Moderate cyan,#4cb7a5,76,183,165,169.0,42.6,50.8
810,green,green-cyan,Moderate green-cyan,#50C878,80,200,120,140.0,52.2,54.9
812,green,green-cyan,Moderate green-cyan,#3CB371,60,179,113,147.0,49.8,46.9
815,green,green-cyan,Moderate green-cyan,#44d7a8,68,215,168,160.0,64.8,55.5
818,green,green,Moderate green,#7dc242,125,194,66,92.0,51.2,51.0
820,green,green,Moderate green,#66b447,102,180,71,102.0,43.4,49.2
821,green,green,Moderate lime green,#34b334,52,179,52,120.0,55.0,45.3
822,purple,magenta,Moderate purple,#BA55D3,186,85,211,288.0,58.9,58.0
824,purple,magenta,Moderate purple,#C154C1,193,84,193,300.0,46.8,54.3
826,brown,brown,Moderate brown,#bb8141,187,129,65,31.0,48.4,49.4
828,brown,brown,Moderate brown,#C39953,195,153,83,38.0,48.3,54.5
829,brown,medium light orange,Moderate brown,#cc9966,204,153,102,29.0,50.0,60.0
830,brown,medium light brown,Medium light brown,#D2A560,210,165,96,36.0,55.9,60.0
831,brown,orange,Brown,#C08D5E,192,58,21,13.0,43.8,56.1
834,brown,orange,Brown,#be7f51,190,127,81,25.0,45.6,53.1
838,brown,yellow,Yellow brown,#CBA135,203,161,53,43.0,59.1,50.2
845,pink,magenta-pink,Purple-pink,#D74894,215,72,148,328.0,64.1,56.3
859,pink,pink,Moderate pink,#D65282,214,82,130,338.0,61.7,58.0
867,brown,medium light red,Medium light red,#CC6666,204,102,102,0.0,50.0,60.0
872,pink,pink-red,Moderate red,#cc4e5c,204,78,92,353.0,55.3,55.3
873,red,pink-red,Moderate red,#c93756,201,55,86,347.0,57.5,50.2
883,brown,red,Moderate red,#CD5B45,205,91,69,10.0,57.6,53.7
885,brown,red,Moderate red,#CC4E3C,204,78,92,353.0,58.5,51.8
892,purple,magenta,Moderate violet,#9955BB,153,85,187,280.0,42.9,53.3
894,purple,medium light blue-magenta,Moderate violet,#9966CC,153,102,204,270.0,50.0,60.0
896,green,medium light yellow-green,Medium light yellow-green,#CBD862,205,216,98,66.0,60.2,61.6
897,brown,yellow,Moderate yellow,#C9AE5D,201,174,93,45.0,50.0,57.6
898,grey,yellow,Moderate yellow,#b5a642,181,166,66,52.0,46.6,48.4
900,grey,yellow,Moderate yellow,#B8B654,184,182,84,59.0,41.3,52.5
902,yellow,yellow,Moderate yellow,#D4AF37,212,175,55,46.0,64.6,52.4
906,green,yellow-green,Moderate yellow-green,#b0c24a,176,194,74,69.0,49.6,52.5
909,blue,blue,Greyish dark blue,#536895,83,104,149,220.0,28.4,45.5
912,purple,blue-magenta,Greyish dark blue-purple,#7573A6,117,115,166,242.0,22.3,55.1
915,grey,cyan-blue,Greyish dark cyan-blue,#778BA5,119,139,165,214.0,20.4,55.7
916,grey,medium dark cyan-blue,Dark bluish grey,#536878,83,104,120,206.0,18.2,39.8
917,blue,cyan,Greyish dark cyan,#68a0b0,104,160,176,193.0,31.3,54.9
919,cyan,cyan,Greyish dark cyan,#5F9EA0,95,158,160,182.0,25.5,50.0
922,green,green-cyan,Greyish dark cyan,#6EAEA1,119,174,161,166.0,28.3,55.7
926,green,green-cyan,Greyish dark green-cyan,#5FA777,95,167,119,140.0,29.0,51.4
928,green,green-cyan,Greyish dark green-cyan,#749f8d,116,159,141,154.0,18.3,53.9
930,green,medium dark green-cyan,Dark greyish green-cyan,#49796B,73,121,107,163.0,24.7,38.0
931,green,green,Greyish dark green,#87A96B,135,169,107,93.0,26.5,54.1
932,green,yellow-green,Greyish dark yellow-green,#8A9A5B,138,154,191,222.0,25.7,48.0
933,grey,yellow-green,Greyish dark yellow-green,#8c9e5e,140,158,94,76.0,25.4,49.4
934,green,green,Greyish dark lime green,#6b9362,107,147,98,108.0,20.0,48.0
935,green,green,Greyish dark lime green,#679267,103,146,103,120.0,17.3,48.8
938,purple,magenta,Greyish dark purple,#976e9a,151,110,154,295.0,17.9,51.8
941,purple,magenta,Greyish dark purple,#8D4E85,141,78,133,308.0,28.8,42.9
942,purple,magenta,Greyish dark purple,#a87ca0,168,124,160,310.0,20.2,57.3
946,brown,brown,Grey brown,#8C7853,140,120,83,39.0,25.6,43.7
950,brown,medium dark orange,Medium dark greyish brown,#785e49,120,94,73,26.0,24.4,37.8
956,brown,orange,Greyish dark brown,#b0927a,176,146,122,26.0,25.5,58.4
962,brown,red-orange,Greyish brown,#8b5f4d,139,95,77,17.0,28.7,42.4
965,grey,yellow,Grey yellow,#85754E,133,117,78,43.0,26.1,41.4
966,purple,magenta,Greyish purple,#915C83,145,92,131,316.0,22.4,46.5
968,grey,pink,Greyish dark pink,#976F7B,151,111,123,342.0,16.1,51.4
970,purple,pink,Greyish dark pink,#A65E7E,166,94,126,333.0,28.8,51.0
972,grey,medium dark pink-red,Greyish dark purple,#755258,117,77,82,353.0,17.6,39.0
973,brown,medium dark red,Greyish dark red,#7C4848,124,72,72,0.0,26.5,38.4
974,brown,pink-red,Greyish dark pink-red,#8E616A,142,97,106,348.0,18.8,46.9
975,grey,pink-red,Greyish dark pink-red,#7E5E60,126,94,96,356.0,14.5,43.1
978,brown,red,Dark greyish brown,#996666,149,102,102,0.0,20.0,50.0
983,brown,red,Dark greyish brown,#986960,152,105,96,10.0,22.6,48.6
988,purple,blue-magenta,Greyish dark violet,#89729e,137,114,158,271.0,18.5,53.3
989,purple,blue-magenta,Greyish dark violet,#926EAE,146,110,174,274.0,28.3,55.7
991,grey,medium dark blue-magenta,Dark greyish blue-purple,#5a4f74,90,79,116,257.0,19.0,38.2
995,brown,yellow,Orange yellow,#e3b130,227,177,48,43.0,76.2,53.9
1000,blue,light cyan,Pale blue,#a6e7ff,166,231,255,196.0,100.0,82.5
1002,cyan,light cyan,Pale cyan,#B2FFFF,178,255,255,180.0,100.0,84.9
1003,blue,very light cyan,Pale cyan,#b9f2ff,185,242,255,191.0,100.0,86.3
1004,purple,very light magenta,Pale magenta,#F4BBFF,249,192,255,294.0,100.0,86.7
1009,brown,light red-orange,Pale orange,#FFB79B,255,185,123,28.0,100.0,80.4
1016,pink,light pink,Pale pink,#FFAFC8,255,175,200,341.0,100.0,84.3
1020,pink,very light pink-red,Pale red,#FFB7C5,255,183,197,348.0,100.0,85.9
1022,pink,light red,Pale red-pink,#ffb3a7,255,179,167,8.0,100.0,82.7
1023,purple,light blue-magenta,Pale violet,#E0B0FF,224,176,255,276.0,100.0,84.5
1025,yellow,light yellow-green,Pale yellow,#FCFFA4,252,255,164,62.0,100.0,82.2
1030,pink,pink-red,Pink-red,#DA2C43,218,44,67,352.0,70.2,51.4
1034,blue,blue-magenta,Blue-violet,#3F00FF,63,0,255,255.0,100.0,50.0
1037,blue,cyan,Blue,#00aaee,0,170,238,197.0,100.0,46.7
1041,blue,cyan-blue,Blue,#0070FF,0,112,255,214.0,100.0,50.0
1047,cyan,cyan,Cyan,#00FFFF,0,255,255,180.0,100.0,50.0
1052,green,green,Lime-green,#00FF40,0,255,64,135.0,100.0,50.0
1054,green,green-cyan,Green-cyan,#00FF7F,0,255,127,150.0,100.0,50.0
1060,green,green,Green,#7CFC00,124,252,0,90.0,100.0,49.4
1065,green,yellow-green,Green,#BFFF00,191,255,0,75.0,100.0,50.0
1067,green,green,Lime-green,#00FF00,0,255,0,120.0,100.0,50.0
1069,pink,magenta,Purple,#FF00FF,255,0,255,300.0,100.0,50.0
1070,pink,magenta,Purple,#FF00CC,255,0,204,312.0,100.0,50.0
1073,purple,magenta,Purple,#CB00F5,203,0,245,290.0,100.0,48.0
1076,brown,brown,Brown,#E48400,228,132,0,35.0,100.0,44.7
1084,orange,brown,Orange,#ff9900,255,153,0,36.0,100.0,50.0
1098,orange,orange,Orange,#FF6700,255,103,0,24.0,100.0,50.0
1108,red,red-orange,Red-orange,#ff4200,255,66,0,15.0,100.0,50.0
1113,orange,yellow,Yellow,#fdb900,253,185,0,43.0,100.0,49.6
1125,pink,pink,Pink-red,#FF007F,255,0,127,330.0,100.0,50.0
1137,red,pink-red,Red,#FF0038,255,0,56,347.0,100.0,50.0
1144,red,red,Red,#FF0000,255,0,0,0.0,100.0,50.0
1146,red,red,Red,#FF2400,255,36,0,8.0,100.0,50.0
1149,red,red-orange,Red-orange,#FF3F00,255,63,0,15.0,100.0,50.0
1157,purple,blue-magenta,Purple,#8F00FF,143,0,255,274.0,100.0,50.0
1170,yellow,yellow,Yellow,#FFDF00,255,223,0,52.0,100.0,50.0
1183,green,yellow-green,Yellow-green,#CCFF00,204,255,0,72.0,100.0,50.0
1186,yellow,yellow-green,Bright yellow,#FFFF00,255,255,0,60.0,100.0,50.0
1188,brown,red-orange,Red-orange,#e35c38,227,92,56,12.0,75.3,55.5
1190,blue,blue,Greyish blue,#6576B4,101,118,180,227.0,34.5,55.1
1192,purple,blue-magenta,Greyish blue,#7366BD,115,102,189,249.0,39.7,57.1
1194,blue,cyan-blue,Greyish blue,#6D9BC3,109,155,195,208.0,41.7,59.6
1195,blue,cyan-blue,Greyish blue,#6082B6,96,130,182,216.0,37.1,54.5
1196,blue,medium light blue,Medium greyish blue,#8A9CC4,138,156,196,221.0,33.0,65.5
1198,blue,medium light blue,Medium greyish blue,#7A83BF,122,131,191,232.0,35.0,61.4
1199,purple,medium light blue-magenta,Medium greyish purple,#766EC8,118,110,200,246.0,45.0,60.8
1202,purple,medium light blue-magenta,Medium greyish purple,#9F91CF,159,145,207,254.0,39.2,69.0
1203,purple,medium light blue-magenta,Medium greyish purple,#8C82B6,140,52,182,281.0,26.3,61.2
1208,blue,medium light cyan-blue,Medium greyish cyan,#70A3CC,112,163,204,207.0,47.4,62.0
1213,cyan,medium light cyan,Greyish cyan,#81D8D0,129,216,208,174.0,52.7,67.6
1214,green,green-cyan,Greyish green-cyan,#66c992,102,201,146,146.0,47.8,59.4
1216,green,medium light green-cyan,Medium greyish green-cyan,#A0D6B4,160,214,180,142.0,39.7,73.3
1217,green,medium light green-cyan,Medium greyish green-cyan,#88d8c0,136,216,192,162.0,50.6,69.0
1218,green,green,Greyish green,#9AB973,154,185,115,87.0,33.3,58.8
1222,green,medium light green,Greyish green,#93C572,147,197,146,119.0,41.7,61.0
1224,green,green,Greyish lime green,#71bc78,113,188,120,125.0,35.9,59.0
1227,purple,medium light magenta,Greyish purple,#C693C7,198,147,199,299.0,31.7,67.8
1230,purple,medium light magenta,Greyish purple,#D498CB,212,152,203,309.0,41.1,71.4
1236,brown,medium light brown,Greyish brown,#d3b17d,211,177,125,36.0,49.4,65.9
1242,brown,medium light orange,Greyish brown,#BC987E,188,152,26,47.0,31.6,61.6
1244,brown,orange,Greyish brown,#C48E69,196,142,105,24.0,43.5,59.0
1246,brown,red-orange,Brown,#B4745E,180,116,194,289.0,36.4,53.7
1247,brown,yellow,Greyish yellow brown,#bba46d,187,164,109,42.0,36.4,58.0
1253,pink,medium light magenta-pink,Greyish purple,#CA82AF,202,130,175,323.0,40.4,65.1
1262,pink,medium light pink,Greyish pink,#D47494,212,116,148,340.0,52.7,64.3
1269,purple,medium light pink-red,Greyish pink-red,#CC8899,204,136,153,345.0,40.0,66.7
1273,brown,medium light red,Greyish brown,#C08181,192,128,125,3.0,33.3,62.9
1276,grey,pink-red,Greyish pink-red,#B57281,181,114,129,347.0,31.2,57.8
1279,brown,red,Greyish brown,#b56c60,181,108,96,8.0,36.5,54.3
1283,purple,blue-magenta,Greyish violet,#9678B6,150,120,182,269.0,29.8,59.2
1289,purple,medium light blue-magenta,Medium greyish purple,#ba93d8,186,147,216,273.0,46.9,71.2
1296,grey,medium light yellow,Greyish yellow,#D6CE7B,214,206,123,55.0,52.6,66.1
1305,purple,blue-magenta,Soft blue-purple,#6050DC,96,80,220,247.0,66.7,58.8
1308,blue,light cyan-blue,Soft blue,#87CEFA,135,206,250,203.0,92.0,75.5
1310,purple,medium light blue-magenta,Soft blue-purple,#7B68EE,123,104,238,249.0,79.8,67.1
1316,blue,medium light cyan-blue,Medium soft blue,#74ACDF,116,172,223,209.0,62.6,66.5
1323,blue,medium light cyan,Soft cyan,#71D9E2,113,217,226,185.0,66.1,66.5
1326,green,medium light green,Soft lime green,#64e986,100,233,134,135.0,75.1,65.3
1328,green,medium light green,Soft green,#B2EC5D,178,236,53,79.0,79.0,64.5
1330,green,medium light green,Soft lime green,#77DD77,119,221,119,120.0,60.0,66.7
1334,purple,medium light magenta,Soft purple,#DF63E6,223,99,230,297.0,72.4,64.5
1341,brown,medium light brown,Soft brown,#E1A95F,225,169,95,34.0,68.4,62.7
1349,brown,medium light orange,Soft orange,#D99A6C,217,154,108,34.0,58.9,63.7
1358,brown,medium light red-orange,Soft brown,#DA8A67,218,138,103,18.0,60.8,62.9
1364,yellow,medium light yellow,Soft yellow,#F2C649,242,198,73,44.0,86.7,61.8
1366,brown,orange,Soft brown,#D99058,217,144,88,26.0,62.9,59.8
1368,pink,light pink,Soft pink,#FC89AC,252,137,172,342.0,95.0,76.3
1369,pink,medium light magenta,Soft pink-purple,#EB6FCB,235,111,203,315.0,75.6,67.8
1371,pink,medium light magenta-pink,Soft pink,#F653A6,246,83,166,329.0,90.1,64.5
1373,pink,medium light pink,Soft pink,#DE6FA1,222,111,61,19.0,62.7,65.3
1383,pink,medium light pink,Soft pink,#EC5486,236,84,134,340.0,80.0,62.7
1396,pink,light pink-red,Soft red,#FE828C,254,130,140,355.0,98.4,75.3
1397,pink,medium light pink-red,Soft red,#F05B78,253,91,153,337.0,83.2,64.9
1402,pink,medium light pink-red,Soft red,#F57584,245,117,132,353.0,86.5,71.0
1413,pink,medium light red,Soft red,#fd7c6e,253,124,110,5.0,97.3,71.2
1421,brown,medium light red-orange,Soft brown,#f9906f,249,144,111,14.0,92.0,70.6
1423,orange,medium light red-orange,Soft brown,#F99379,248,131,121,5.0,91.4,72.5
1424,orange,medium light red-orange,Soft brown,#f07f5e,240,127,94,13.0,83.0,65.5
1427,brown,red,Soft red-brown,#da614e,218,97,78,8.0,65.4,58.0
1428,red,red,Soft red-brown,#dc5349,220,83,73,4.0,67.7,57.5
1430,purple,medium light blue-magenta,Soft violet,#9457EB,148,87,235,265.0,78.7,63.1
1431,purple,medium light blue-magenta,Soft violet,#C77DF3,199,125,243,278.0,83.1,72.2
1432,purple,medium light magenta,Soft violet,#D46FF9,212,111,249,284.0,92.0,70.6
1433,yellow,light yellow,Soft yellow,#FCE883,252,232,131,50.0,95.3,75.1
1434,green,light yellow-green,Soft yellow,#E3F988,227,249,136,72.0,90.4,75.5
1443,yellow,medium light yellow,Soft yellow,#E9D66B,233,214,107,51.0,74.1,66.7
1457,grey,medium light yellow-green,Soft yellow-green,#E8F24E,232,242,78,64.0,86.3,62.7
1464,blue,blue,Strong blue,#2243B6,34,67,182,227.0,68.5,42.4
1466,blue,Blue-magenta,Strong blue-purple,#0000CD,0,0,205,240.0,100.0,40.2
1467,blue,blue-magenta,Strong blue-purple,#360CCC,54,12,204,253.0,88.9,42.4
1470,blue,cyan,Strong cyan,#188bc2,24,139,194,199.0,78.0,42.7
1476,blue,cyan-blue,Strong cyan-blue,#1974D2,25,116,210,210.0,78.7,46.1
1482,blue,medium dark cyan,Medium dark cyan,#007BB8,0,123,184,200.0,100.0,36.1
1483,blue,medium dark cyan-blue,Medium dark cyan-blue,#0066CC,0,102,204,210.0,100.0,40.0
1484,purple,medium dark blue-magenta,Medium dark blue-purple,#1C05B3,28,5,179,248.0,94.6,36.1
1487,blue,medium dark cyan-blue,Medium dark cyan-blue,#006DBA,0,109,176,203.0,100.0,36.5
1491,blue,medium dark cyan-blue,Strong dark blue,#0048BA,0,72,186,217.0,100.0,36.5
1493,blue,cyan,Strong cyan,#18A7B5,24,167,181,185.0,76.6,40.2
1496,blue,cyan,Strong cyan,#21ABCD,33,171,205,192.0,72.3,46.7
1500,cyan,cyan,Strong cyan,#30D5C8,48,213,200,175.0,66.3,51.2
1502,cyan,cyan,Strong cyan,#00c5cd,0,197,205,182.0,100.0,40.2
1503,blue,medium dark cyan,Strong dark cyan,#0095B6,0,149,182,191.0,100.0,35.7
1504,cyan,medium dark cyan,Strong dark cyan,#00CCCC,0,204,204,180.0,100.0,40.0
1505,green,medium dark green-cyan,Strong dark cyan,#00CC99,0,204,153,165.0,100.0,40.0
1507,blue,medium dark cyan,Strong dark cyan,#00AFCA,0,175,202,188.0,100.0,39.6
1509,cyan,medium dark cyan,Strong dark cyan,#0ABAB5,10,186,181,178.0,89.8,38.4
1510,green,green-cyan,Strong green-cyan,#1AB385,26,179,33,123.0,74.6,40.2
1512,green,medium dark green,Strong green-cyan,#03C03C,3,192,60,138.0,96.9,38.2
1513,green,green,Strong green,#6BBE23,107,142,35,80.0,68.9,44.1
1514,green,green,Strong green,#76BD17,118,189,23,86.0,78.3,41.6
1516,green,green,Strong green,#4CBB17,76,187,23,101.0,78.1,41.2
1518,green,medium dark green,Strong green,#50B708,80,183,8,95.0,91.6,37.5
1519,green,medium dark green,Strong green,#33CC00,51,204,0,105.0,100.0,40.0
1522,green,yellow-green,Strong yellow-green,#9ACD32,154,205,50,80.0,60.8,50.0
1524,green,green,Strong lime green,#32CD32,50,205,50,120.0,60.8,50.0
1525,pink,magenta,Strong purple,#D500B6,213,0,182,309.0,100.0,41.8
1527,purple,magenta,Strong purple,#CC33CC,204,51,204,300.0,60.0,50.0
1530,purple,medium dark magenta,Strong dark purple,#aa00bb,170,0,187,294.0,100.0,36.7
1535,brown,brown,Strong brown,#ca7309,202,115,9,32.0,91.5,41.4
1539,brown,medium dark brown,Medium dark brown,#c86500,200,101,0,30.0,100.0,39.2
1540,brown,medium dark orange,Medium dark red-orange,#C04000,192,64,0,20.0,100.0,37.6
1541,brown,medium dark orange,Medium dark brown,#CC5500,204,85,0,25.0,100.0,40.0
1542,brown,medium dark red-orange,Medium dark red-orange,#B7410E,183,65,14,18.0,85.8,38.6
1544,brown,medium dark yellow,Medium dark yellow-brown,#B8860B,184,134,11,43.0,88.7,38.2
1550,brown,orange,Medium brown,#D2691E,210,105,30,25.0,75.0,47.1
1557,red,red-orange,Strong red-orange,#CB410B,203,65,11,17.0,89.7,42.0
1559,brown,yellow,Yellowish brown,#B78727,183,135,39,40.0,64.9,43.5
1566,pink,magenta-pink,Strong dark pink,#D40D7D,212,13,125,326.0,88.4,44.1
1571,red,medium dark pink,Strong dark red,#B80049,184,0,73,336.0,100.0,36.1
1572,red,medium dark pink,Strong dark red,#BE0032,190,0,50,344.0,100.0,37.3
1581,pink,pink,Strong pink,#BC2350,188,35,80,342.0,68.6,43.7
1590,red,medium dark pink-red,Strong dark red,#b60c26,182,12,38,350.0,87.6,38.0
1593,red,medium dark red,Strong dark red,#BA160C,186,22,12,3.0,87.9,38.8
1603,red,pink-red,Strong red,#C41E3A,196,30,58,350.0,73.5,44.3
1619,red,red,Strong red-brown,#bc2d29,188,45,41,1.0,64.2,44.9
1623,brown,red-orange,Strong brown,#b64925,182,73,37,14.0,66.2,42.9
1628,purple,magenta,Strong violet,#9400D3,148,0,211,282.0,100.0,41.4
1632,yellow,medium dark yellow,Strong dark yellow brown,#C1A004,193,160,4,50.0,95.9,38.6
1634,green,medium dark yellow-green,Strong dark yellow-green,#8DB600,141,182,0,74.0,100.0,35.7
1636,yellow,yellow,Strong dark yellow brown,#bd9b16,189,155,22,47.0,79.1,41.4
1637,green,yellow-green,Strong yellow-green,#B3C110,179,193,16,65.0,84.7,41.0
1638,green,yellow-green,Strong yellow-green,#BFD833,191,216,51,69.0,67.9,52.4
1640,green,yellow-green,Strong yellow-green,#A5CB0C,165,203,12,72.0,88.8,42.2
1643,yellow,yellow-green,Strong yellow-green,#CCCC33,204,204,51,60.0,60.0,50.0
1645,black,very dark cyan-blue,Black,#010203,1,2,3,210.0,50.0,0.8
1646,black,very dark blue,Black,#181b26,24,27,38,227.0,22.6,12.2
1647,black,very dark blue,Black,#17182b,23,24,43,237.0,30.3,12.9
1648,black,very dark cyan-blue,Black,#1f262a,31,38,42,201.0,15.1,14.3
1649,black,very dark cyan-blue,Black,#010B13,1,11,19,207.0,90.0,3.9
1650,black,dark cyan,Black,#232B2B,35,43,43,180.0,10.3,15.3
1651,black,very dark green-cyan,Black,#013220,1,50,32,158.0,96.1,10.0
1652,black,very dark green-cyan,Black,#1A2421,26,36,33,162.0,16.1,12.2
1653,black,dark green,Black,#2A2F23,42,47,35,85.0,14.6,16.1
1654,black,very dark green,Black,#1A2118,26,33,24,107.0,15.8,11.2
1655,black,very dark magenta,Black,#242124,36,33,36,300.0,4.3,13.5
1656,black,very dark brown,Black,#100C08,16,12,8,30.0,33.3,4.7
1659,black,very dark orange,Black,#2c1608,44,22,8,23.0,69.2,10.2
1661,black,very dark red-orange,Black,#2e211b,46,33,27,18.0,26.0,14.3
1662,black,very dark yellow,Black,#1B1811,27,24,17,42.0,22.7,8.6
1663,black,very dark magenta,Black,#2b2028,43,32,40,316.0,14.7,14.7
1664,black,very dark pink,Black,#23191e,35,25,30,330.0,16.7,11.8
1665,black,very dark red,Black,#321414,50,20,20,0.0,42.9,13.7
1666,black,very dark red,Black,#1a1110,26,17,16,5.0,23.8,8.2
1667,black,very dark red-orange,Black,#290E05,41,14,5,15.0,78.3,9.0
1668,black,very dark blue-magenta,Black,#0f031a,15,3,26,271.0,79.3,5.7
1669,blue,dark cyan-blue,Very dark blue,#003366,0,51,102,210.0,100.0,20.0
1670,black,dark blue,Very dark blue,#191F45,25,31,69,232.0,46.8,18.4
1673,blue,dark blue,Very dark blue,#1B294B,27,41,75,222.0,47.1,20.0
1679,blue,dark cyan-blue,Very dark blue,#003A6C,0,58,108,208.0,100.0,21.2
1683,blue,medium dark blue,Very dark blue,#233067,35,48,103,229.0,49.3,27.1
1684,blue,medium dark blue-magenta,Very dark blue,#191970,25,25,112,240.0,63.5,26.9
1686,black,very dark blue,Very dark blue,#001440,0,20,64,221.0,100.0,12.5
1687,black,very dark cyan-blue,Very dark blue,#002147,0,33,71,212.0,100.0,13.9
1688,green,dark cyan,Very dark cyan,#004953,0,73,83,187.0,100.0,16.3
1689,green,dark cyan,Very dark cyan,#044f67,4,79,103,194.0,92.5,21.0
1690,green,dark green-cyan,Very dark cyan,#18453B,24,69,59,167.0,48.4,18.2
1693,black,very dark cyan,Very dark cyan,#004040,0,64,64,180.0,100.0,12.5
1695,green,dark green-cyan,Very dark green,#006442,0,100,66,159.0,100.0,19.6
1696,green,dark green,Very dark green,#1e4d2b,30,77,43,136.0,43.9,21.0
1698,green,dark green-cyan,Very dark green,#006B3C,0,107,60,154.0,100.0,21.0
1700,green,dark green-cyan,Very dark green,#006A4E,0,106,78,164.0,100.0,20.8
1703,black,very dark green-cyan,Very dark green,#123524,18,53,36,151.0,49.3,13.9
1706,black,very dark green-cyan,Very dark green,#02402C,2,64,44,161.0,93.9,12.9
1707,green,very dark green-cyan,Very dark green,#014421,1,68,33,149.0,97.1,13.5
1709,blue,dark blue,Very dark grey blue,#1C2841,28,40,65,221.0,39.8,18.2
1712,grey,medium dark blue-magenta,Very dark grey blue,#3b3b6d,59,59,109,240.0,29.8,32.9
1713,blue,medium dark cyan,Very dark grey blue,#344d56,52,77,86,195.0,24.6,27.1
1714,blue,dark cyan,Very dark grey cyan,#264348,38,67,72,189.0,30.9,21.6
1716,grey,dark cyan,Very dark grey cyan,#203838,32,56,56,180.0,27.3,17.3
1718,green,dark green-cyan,Very dark grey green,#224634,34,70,52,150.0,34.6,20.4
1720,green,medium dark green-cyan,Very dark grey green,#35654d,53,101,77,150.0,31.2,30.2
1721,grey,medium dark green,Very dark grey green,#2a603b,42,96,59,138.0,39.1,27.1
1722,grey,dark yellow-green,Very dark grey green,#454d32,69,77,50,77.0,21.3,24.9
1724,green,medium dark green,Very dark grey green,#355E3B,53,94,59,129.0,27.9,28.8
1725,grey,medium dark green,Very dark grey green,#306030,48,96,48,120.0,33.3,28.2
1726,purple,dark magenta,Very dark grey purple,#301934,48,25,52,291.0,35.1,15.1
1727,purple,dark magenta,Very dark grey purple,#3a243b,58,36,59,297.0,24.2,18.6
1728,purple,dark magenta,Very dark grey purple,#4F284B,79,40,75,306.0,32.8,23.3
1729,grey,medium dark magenta,Very dark grey purple,#5D3954,93,57,84,315.0,24.0,29.4
1730,purple,medium dark magenta,Very dark grey purple,#602F6B,96,47,107,289.0,39.0,30.2
1732,purple,medium dark magenta,Very dark grey purple,#56365C,86,54,92,291.0,26.0,28.6
1733,purple,medium dark magenta,Very dark grey purple,#5B3256,91,50,86,307.0,29.1,27.6
1736,black,dark orange,Very dark brown,#4c3d30,76,61,48,27.0,22.6,24.3
1748,grey,medium dark yellow,Medium dark brown,#534a32,83,74,50,43.0,24.8,26.1
1751,purple,medium dark magenta-pink,Very dark grey pink,#723157,114,49,87,325.0,39.9,32.0
1754,grey,medium dark pink,Very dark grey pink,#66424d,102,66,77,342.0,21.4,32.9
1755,purple,medium dark pink,Very dark grey pink,#673147,103,49,71,336.0,35.5,29.8
1757,brown,dark pink-red,Very dark grey red,#3c2126,60,33,38,348.0,29.0,18.2
1760,black,dark red,Very dark grey red,#351e1c,53,30,28,4.0,30.9,15.9
1762,brown,dark red-orange,Very dark grey red,#542d24,84,45,36,11.0,40.0,23.5
1766,brown,medium dark pink-red,Very dark grey red,#722F37,114,47,55,353.0,41.6,31.6
1770,brown,medium dark red,Very dark grey red,#704241,112,66,65,1.0,26.6,34.7
1771,brown,medium dark red-orange,Very dark grey red,#523b35,82,59,53,12.0,21.5,26.5
1772,grey,medium dark blue-magenta,Very dark grey violet,#54446C,84,68,108,264.0,22.7,34.5
1773,purple,medium dark blue-magenta,Very dark grey violet,#3d325d,61,50,93,255.0,30.1,28.0
1774,purple,medium dark magenta,Very dark grey violet,#5d3f6a,93,63,106,281.0,25.4,33.1
1775,grey,dark yellow,Very dark grey yellow,#524b2a,82,75,42,49.0,32.3,24.3
1776,grey,medium dark yellow-green,Very dark grey yellow,#6e6e30,110,110,48,60.0,39.2,31.0
1777,grey,medium dark yellow-green,Very dark grey yellow,#545a2c,84,90,44,67.0,34.3,26.3
1778,green,dark green,Very dark green,#296e01,41,110,1,97.0,98.2,21.8
1779,green,medium dark green,Very dark green,#4c721d,76,114,29,86.0,59.4,28.0
1780,green,medium dark yellow-green,Very dark green,#4A5D23,74,93,35,80.0,45.3,25.1
1783,grey,grey,Very dark grey,#676767,103,103,103,0.0,0.0,40.4
1788,black,very dark grey,Black,#1B1B1B,27,27,27,0.0,0.0,10.6
1791,grey,dark cyan-blue,Very dark greyish blue,#2a3439,42,52,57,200.0,15.2,19.4
1793,grey,medium dark blue,Very dark greyish blue,#4C516D,76,81,109,231.0,17.8,36.3
1794,grey,medium dark blue-magenta,Very dark greyish blue,#41415D,65,65,93,240.0,17.7,31.0
1796,grey,medium dark cyan,Very dark greyish blue,#4d646c,77,100,108,195.0,16.8,36.3
1797,grey,medium dark cyan-blue,Very dark greyish blue,#36454F,54,69,79,204.0,18.8,26.1
1798,grey,medium dark cyan-blue,Very dark greyish blue,#54626F,84,98,111,209.0,13.8,38.2
1799,grey,dark cyan,Very dark greyish cyan,#2D383A,45,56,58,189.0,12.6,20.2
1800,grey,dark cyan,Very dark greyish cyan,#2b3736,43,55,54,175.0,12.2,19.2
1801,grey,dark cyan,Very dark greyish cyan,#364141,54,65,65,180.0,9.2,23.3
1805,grey,medium dark cyan,Very dark greyish cyan,#414a4c,65,74,76,190.0,7.8,27.6
1808,grey,dark green-cyan,Very dark greyish lime,#2d4436,45,68,54,143.0,20.4,22.2
1812,grey,dark green,Very dark greyish green,#354230,53,66,48,103.0,15.8,22.4
1813,grey,dark yellow-green,Very dark greyish green,#3d4035,61,64,53,76.0,9.4,22.9
1814,grey,medium dark green,Very dark greyish green,#444C38,68,76,56,84.0,15.2,25.9
1815,grey,medium dark green,Very dark greyish green,#555D50,85,93,80,97.0,7.5,33.9
1816,grey,medium dark yellow-green,Very dark greyish green,#5e644f,94,100,79,77.0,11.7,35.1
1817,grey,dark green,Very dark greyish lime green,#2e372e,46,55,46,120.0,8.9,19.8
1818,grey,dark green,Very dark greyish lime green,#3a403b,58,64,59,130.0,4.9,23.9
1819,grey,medium dark green,Very dark greyish lime green,#5a6457,90,100,87,106.0,7.0,36.7
1820,grey,medium dark green,Very dark greyish lime green,#465945,70,89,69,116.0,12.7,31.0
1821,grey,medium dark green,Very dark greyish lime green,#3d5d42,61,93,66,129.0,20.8,30.2
1822,grey,magenta,Very dark greyish magenta,#715F6D,113,92,86,13.0,8.7,40.8
1824,grey,medium dark magenta,Very dark greyish magenta,#6A5767,106,87,103,309.0,9.8,37.8
1827,purple,medium dark magenta,Very dark greyish magenta,#563C5C,86,60,92,289.0,21.1,29.8
1828,purple,medium dark magenta,Very dark greyish magenta,#513653,81,54,83,296.0,21.2,26.9
1830,grey,dark brown,Very dark greyish orange,#463F32,70,63,50,39.0,16.7,23.5
1831,black,dark orange,Very dark greyish orange,#483C32,72,60,50,27.0,18.0,23.9
1832,black,dark red-orange,Very dark greyish orange,#393432,57,52,50,17.0,6.5,21.0
1833,grey,medium dark brown,Very dark greyish orange,#5C5248,92,82,72,30.0,12.2,32.2
1834,grey,medium dark brown,Very dark greyish orange,#5e5545,94,85,69,38.0,15.3,32.0
1838,grey,medium dark orange,Very dark greyish orange,#5c544e,92,84,78,25.0,8.2,33.3
1842,grey,yellow,Very dark greyish orange,#71706E,113,112,117,252.0,1.3,43.7
1843,grey,dark magenta-pink,Very dark greyish pink,#3f313a,63,49,58,321.0,12.5,22.0
1844,grey,medium dark magenta,Very dark greyish pink,#51354A,81,53,74,315.0,20.9,26.3
1846,grey,medium dark pink,Very dark greyish pink,#534B4F,83,75,79,330.0,5.1,31.0
1849,grey,medium dark pink,Very dark greyish pink,#63424b,99,66,75,344.0,20.0,32.4
1850,black,dark red,Very dark greyish red,#3B2F2F,59,47,47,0.0,11.3,20.8
1851,black,dark red,Very dark greyish red,#43302E,67,31,26,7.0,18.6,22.2
1852,black,dark red-orange,Very dark greyish red,#352925,53,41,37,15.0,17.8,17.6
1854,grey,medium dark pink-red,Very dark greyish red,#4d3b3c,77,59,60,356.0,13.2,26.7
1855,brown,medium dark red,Very dark greyish red,#674846,103,76,71,9.0,19.1,33.9
1856,brown,medium dark red,Very dark greyish red,#674C47,103,76,21,40.0,18.4,34.1
1858,grey,medium dark red,Very dark greyish red,#645452,100,84,82,6.0,9.9,35.7
1860,grey,medium dark red,Very dark greyish red,#504040,80,64,77,311.0,11.1,28.2
1861,grey,medium dark red-orange,Very dark greyish red,#543D37,84,61,55,12.0,20.9,27.3
1863,grey,medium dark blue-magenta,Very dark greyish violet,#614e6e,97,78,110,275.0,17.0,36.9
1865,grey,dark yellow-green,Very dark greyish yellow,#3B3C36,59,60,54,70.0,5.3,22.4
1867,grey,medium dark yellow,Very dark greyish yellow,#4d4b3a,77,75,58,53.0,14.1,26.5
1869,grey,medium dark yellow-green,Very dark greyish yellow,#52593b,82,89,59,73.0,20.3,29.0
1870,grey,dark green,Very dark lime green,#006400,0,100,0,120.0,100.0,19.6
1871,green,dark green,Very dark lime green,#195905,25,89,5,106.0,89.4,18.4
1872,green,dark green,Very dark lime green,#136207,19,98,7,112.0,86.7,20.6
1874,green,dark green,Very dark lime green,#056608,5,102,8,121.0,90.7,21.0
1875,grey,dark green,Very dark lime green,#006600,0,102,0,120.0,100.0,20.0
1876,purple,dark magenta,Very dark purple,#480656,72,6,86,290.0,87.0,18.0
1877,purple,dark magenta,Very dark purple,#660066,102,0,102,300.0,100.0,20.0
1878,purple,dark magenta,Very dark purple,#4E0041,78,0,65,310.0,100.0,15.3
1880,purple,medium dark magenta,Very dark purple,#702670,112,38,112,300.0,49.3,29.4
1882,purple,medium dark magenta,Very dark purple,#702963,112,41,99,311.0,46.4,30.0
1884,black,very dark magenta,Very dark purple,#360029,54,0,41,314.0,100.0,10.6
1885,brown,dark brown,Very dark brown,#663300,102,51,0,30.0,100.0,20.0
1886,brown,dark brown,Very dark brown,#644117,100,65,23,33.0,62.6,24.1
1888,brown,dark brown,Very dark brown,#563c0d,86,60,13,38.0,73.7,19.4
1889,brown,dark orange,Very dark brown,#59260B,89,38,11,0.0,78.0,19.6
1892,brown,medium dark brown,Very dark brown,#704214,112,66,20,30.0,69.7,25.9
1894,brown,medium dark orange,Very dark brown,#664228,102,66,40,25.0,43.7,27.8
1896,brown,medium dark yellow,Very dark brown,#6C541E,108,84,30,42.0,56.5,27.1
1897,black,very dark orange,Very dark brown,#391802,57,24,2,24.0,93.2,11.6
1898,purple,dark magenta,Very dark pink,#660045,102,0,69,319.0,100.0,20.0
1900,purple,dark magenta-pink,Very dark pink,#66033c,102,3,60,325.0,94.3,20.6
1901,purple,dark magenta-pink,Very dark pink,#66023C,102,2,60,325.0,96.2,20.4
1904,black,dark pink,Very dark pink,#3c1421,60,20,33,340.0,50.0,15.7
1908,purple,medium dark magenta-pink,Very dark pink,#6d2b50,109,43,80,326.0,43.4,29.8
1909,purple,medium dark pink,Very dark pink,#6E1C34,110,28,52,342.0,59.4,27.1
1910,brown,dark red,Very dark red,#660000,102,0,0,0.0,100.0,20.0
1912,brown,dark pink-red,Very dark red,#65000B,101,0,11,353.0,100.0,19.8
1913,brown,dark pink-red,Very dark red,#480607,72,6,7,359.0,84.6,15.3
1914,purple,dark pink-red,Very dark red,#670F25,103,15,37,345.0,74.6,23.1
1920,brown,dark red,Very dark red,#592720,89,39,32,7.0,47.1,23.7
1925,brown,medium dark pink-red,Very dark red,#681C23,104,28,35,354.0,57.6,25.9
1929,brown,medium dark red,Very dark red,#6f3028,111,48,40,6.0,47.0,29.6
1933,black,very dark pink-red,Very dark red,#3f000f,63,0,15,345.0,100.0,12.4
1934,black,very dark pink-red,Very dark red,#490206,73,2,6,356.0,94.7,14.7
1935,black,very dark red,Very dark red,#3D0C02,61,12,2,10.0,93.7,12.4
1936,purple,dark blue-magenta,Very dark violet,#290C5E,41,12,94,261.0,77.4,20.8
1939,purple,dark blue-magenta,Very dark violet,#330066,51,0,102,270.0,100.0,20.0
1941,purple,dark magenta,Very dark violet,#431c53,67,28,83,282.0,49.5,21.8
1942,brown,dark yellow,Very dark olive,#514100,81,65,0,48.0,100.0,15.9
1943,grey,dark yellow-green,Very dark olive,#4B5320,75,83,32,69.0,44.3,22.5
1944,grey,medium dark yellow,Very dark olive,#665D1E,102,93,30,53.0,54.5,25.9
1945,grey,medium dark yellow,Very dark olive,#716E10,113,110,16,58.0,75.2,25.3
1946,purple,light blue-magenta,Very light blue-purple,#9999FF,153,153,255,240.0,100.0,80.0
1947,purple,light blue-magenta,Very light blue-purple,#8080FF,128,128,255,240.0,100.0,75.1
1948,blue,medium light cyan-blue,Very light cyan-blue,#7eb6ff,126,182,255,213.0,100.0,74.7
1950,cyan,medium light green-cyan,Very light cyan-green,#7FFFD4,127,255,212,160.0,100.0,74.9
1951,green,medium light green,Very light green,#9FFF7F,159,255,127,105.0,100.0,74.9
1953,grey,very light grey,Very light grey,#DADADA,218,218,218,0.0,0.0,85.5
1955,white,very light grey,Greyish white,#F5F5F5,245,245,245,0.0,0.0,96.1
1956,green,light green,Very light lime green,#98FF98,152,255,152,120.0,100.0,79.8
1958,purple,light magenta,Very light purple,#E285FF,226,133,255,286.0,100.0,76.1
1960,pink,medium light magenta,Very light purple,#FF77FF,255,119,255,300.0,100.0,73.3
1962,brown,light brown,Very light orange,#FFCC99,255,204,153,30.0,100.0,80.0
1963,orange,light orange,Very light orange,#FFB280,255,178,128,24.0,100.0,75.1
1964,pink,light red-orange,Very light orange,#FFAA8D,255,170,141,15.0,100.0,77.6
1965,orange,light yellow,Very light orange,#FFBD88,255,189,136,27.0,100.0,76.7
1966,brown,medium light brown,Very light orange,#ffc87c,255,200,124,34.0,100.0,74.3
1968,orange,medium light orange,Very light orange,#ffb077,255,176,119,25.0,100.0,73.3
1969,brown,medium light red-orange,Very light orange,#FFA07A,255,160,122,17.0,100.0,73.9
1970,pink,light magenta-pink,Very light pink,#ff85cf,255,133,207,323.0,100.0,76.1
1971,pink,light pink,Very light pink,#ff99cc,255,153,204,330.0,100.0,80.0
1972,pink,light pink,Very light pink,#FF91AF,255,145,175,344.0,100.0,78.4
1974,pink,light red,Very light red,#FF9999,255,153,153,0.0,100.0,80.0
1975,pink,light pink-red,Very light red,#FF91A4,255,145,164,350.0,100.0,78.4
1977,pink,light pink-red,Very light red,#ff9899,255,152,153,359.0,100.0,79.8
1978,orange,light red-orange,Very light red,#FF9980,255,153,128,12.0,100.0,75.1
1980,pink,medium light pink-red,Very light red,#FF7077,255,112,119,357.0,100.0,72.0
1981,orange,medium light red-orange,Very light red,#FF8C69,255,140,105,14.0,100.0,70.6
1982,purple,light blue-magenta,Very light violet,#CC99FF,204,153,255,270.0,100.0,80.0
1983,yellow,light yellow,Very light yellow,#FFEC8B,255,236,139,50.0,100.0,77.3
1984,yellow,light yellow-green,Very light yellow,#FFFF99,255,255,153,60.0,100.0,80.0
1985,yellow,medium light yellow,Very light yellow,#ffe670,255,230,112,49.0,100.0,72.0
1986,white,very light blue-magenta,Blueish white,#F8F8FF,248,248,255,240.0,100.0,98.6
1987,white,very light cyan-blue,Blueish white,#F0F8FF,240,248,255,208.0,100.0,97.1
1989,white,very light cyan,White,#F5FFFF,245,255,255,180.0,100.0,98.0
1990,white,very light cyan,Cyan tint white,#E7FEFF,231,254,255,183.0,100.0,95.3
1992,white,very light green-cyan,White,#F5FFFA,245,255,250,150.0,100.0,98.0
1993,white,very light green,White,#F0FFF0,240,255,240,120.0,100.0,97.1
1994,white,very light brown,White,#FFF9F0,255,249,240,36.0,100.0,97.1
1995,white,very light brown,White,#FFF8ED,255,248,237,37.0,100.0,96.5
1996,white,very light brown,White,#FFFAF0,255,250,240,40.0,100.0,97.1
1997,white,very light orange,White,#FFF5EE,255,245,238,25.0,100.0,96.7
1998,white,very light red-orange,White,#FFF1EB,255,241,235,18.0,100.0,96.1
1999,white,very light yellow,White,#FFF8E7,255,248,231,43.0,100.0,95.3
2000,white,very light magenta,Pinkish white,#FFF1FB,255,241,251,317.0,100.0,97.3
2002,white,very light pink,Pinkish white,#FFF9FB,255,245,251,324.0,100.0,98.8
2003,white,very light pink,Pinkish white,#FFF0F5,255,240,245,340.0,100.0,97.1
2005,white,very light red,White,#FFFAFA,255,250,250,0.0,100.0,99.0
2007,white,very light red,Reddish white,#FFF0EE,255,240,238,7.0,100.0,96.7
2008,white,very light red,Reddish white,#FFF6F5,255,246,243,15.0,100.0,98.0
2009,white,very light blue-magenta,Purplish white,#f8f4ff,248,244,255,261.0,100.0,97.8
2010,white,very light yellow-green,White,#FFFFF0,255,255,240,60.0,100.0,97.1
2011,white,very light yellow-green,White,#fdfff5,253,255,245,71.0,100.0,98.0
2012,purple,very light blue-magenta,Very light blue-purple,#CCCCFF,204,204,255,240.0,100.0,90.0
2013,purple,very light blue-magenta,Very light blue-purple,#C7C1FF,199,193,255,246.0,100.0,87.8
2014,cyan,very light cyan,Very pale cyan,#E0FFFF,224,255,255,180.0,100.0,93.9
2015,green,very light green-cyan,Very pale cyan,#DBFFF8,219,255,248,168.0,100.0,92.9
2016,cyan,very light green-cyan,Very light green-cyan,#C9FFE5,201,255,229,151.0,100.0,89.4
2018,green,very light green,Very pale green,#E9FFDB,233,255,219,97.0,100.0,92.9
2019,pink,very light magenta,Very pale purple,#FFCCFF,255,204,255,300.0,100.0,90.0
2020,pink,very light magenta,Very pale purple,#FFD3F8,255,211,248,310.0,100.0,91.4
2021,brown,very light orange,Very pale orange,#ffe4cd,255,228,205,27.0,100.0,90.2
2024,brown,very light brown,Very pale orange,#FFF0DB,255,240,219,35.0,100.0,92.9
2027,grey,very light brown,Very pale orange,#FFF0E0,255,240,224,31.0,100.0,93.9
2028,pink,very light orange,Very pale orange,#FFDDCA,255,221,202,22.0,100.0,89.6
2030,pink,very light magenta,Very pale pink,#FFDDF4,255,221,207,18.0,100.0,93.3
2031,pink,very light magenta,Very pale pink,#ffcff1,255,207,241,317.0,100.0,90.6
2032,pink,very light magenta-pink,Very pale pink,#FFc1E8,255,193,232,322.0,100.0,87.8
2034,pink,very light pink,Very pale pink,#FFDAE9,255,218,233,336.0,100.0,92.7
2036,pink,very light pink-red,Very pale red,#FFE4E9,255,228,233,349.0,100.0,94.7
2038,pink,very light pink-red,Very pale red,#FFC0CB,255,192,203,350.0,100.0,87.6
2041,white,very light red,Pale pink,#FFE4E1,255,228,225,6.0,100.0,94.1
2042,purple,very light blue-magenta,Very pale violet,#DCD0FF,220,208,255,255.0,100.0,90.8
2043,grey,very light yellow,Very pale yellow,#FFF8DC,255,248,220,48.0,100.0,93.1
2044,white,very light yellow-green,Very pale yellow,#FFFFE0,255,255,224,60.0,100.0,93.9
2046,yellow,very light yellow,Very pale yellow,#FFFDD0,255,253,208,57.0,100.0,90.8
2048,white,very light yellow-green,Very pale yellow,#f9ffe3,249,255,227,72.0,100.0,94.5
2050,blue,light blue,Very soft blue,#B3BCE2,179,188,226,229.0,44.8,79.4
2051,purple,light blue-magenta,Very soft blue,#ACACE6,172,172,230,240.0,53.7,78.8
2052,purple,light blue-magenta,Very soft blue,#C1BBEC,193,187,236,247.0,56.3,82.9
2053,purple,light blue-magenta,Very soft blue,#A899E6,168,153,230,252.0,60.6,75.1
2055,blue,light cyan-blue,Very soft blue,#B9D9EB,185,217,235,202.0,55.6,82.4
2057,blue,light cyan-blue,Very soft blue,#A1CAF1,161,202,241,209.0,74.1,78.8
2058,blue,light cyan-blue,Very soft blue,#abcdef,171,205,239,210.0,68.0,80.4
2060,purple,medium light blue-magenta,Very soft blue,#8581D9,133,129,217,243.0,53.7,67.8
2061,purple,medium light blue-magenta,Very soft blue,#9683EC,150,131,236,251.0,73.4,72.0
2063,blue,medium light cyan,Very soft blue,#89CFF0,137,207,240,199.0,77.4,73.9
2067,blue,medium light cyan-blue,Very soft blue,#88ace0,136,172,224,215.0,58.7,70.6
2071,blue,light cyan,Very soft cyan,#ACE5EE,172,229,238,188.0,66.0,80.4
2076,cyan,light cyan,Very soft cyan,#AFEEEE,175,238,238,180.0,64.9,81.0
2080,cyan,medium light green-cyan,Very soft cyan,#8DD9CC,141,217,204,170.0,50.0,70.2
2083,green,light green-cyan,Very soft green-cyan,#9FE2BF,159,226,191,149.0,53.6,75.5
2085,green,light green,Very soft green,#D0F0C0,208,240,192,100.0,61.5,84.7
2086,green,medium light yellow-green,Very soft green,#C5E384,197,227,132,79.0,62.9,70.4
2087,green,light green,Very soft lime green,#A8E4A0,168,228,160,113.0,55.7,76.1
2090,green,light green,Very soft lime green,#ACE1AF,172,225,175,123.0,46.9,77.8
2094,purple,light magenta,Very soft magenta,#D891EF,216,145,239,285.0,74.6,75.3
2099,purple,medium light magenta,Very soft magenta,#DDA0DD,221,160,221,300.0,47.3,74.7
2100,purple,medium light magenta,Very soft magenta,#E29CD2,226,156,210,314.0,54.7,74.9
2102,brown,light brown,Light brown,#e7c9a9,231,201,169,30.0,56.4,78.4
2106,brown,light brown,Light brown,#e6d0ab,230,208,171,37.0,54.1,78.6
2112,brown,light orange,Light orange,#EDC9Af,237,201,175,25.0,63.3,80.8
2115,brown,light red-orange,Very soft orange,#EBC2AF,235,194,175,19.0,60.0,80.4
2117,brown,light yellow,Very soft orange,#ECD9B0,236,217,176,41.0,61.2,80.8
2119,brown,light yellow,Very soft orange,#FBE7B2,251,231,128,50.0,90.1,84.1
2122,brown,medium light brown,Very soft brown,#EAC592,234,197,146,35.0,67.7,74.5
2124,brown,medium light orange,Very soft brown,#DDAD95,221,173,149,20.0,51.4,72.5
2126,brown,very light orange,Very soft brown,#FDD9B5,253,217,181,30.0,94.7,85.1
2128,pink,light magenta-pink,Very soft pink,#E79EC5,231,94,197,315.0,60.3,76.3
2139,pink,light pink,Very soft pink,#EDBACD,237,186,205,338.0,58.6,82.9
2152,purple,medium light magenta-pink,Medium light pink,#D982B5,217,130,181,325.0,53.4,68.0
2153,pink,medium light pink,Medium light pink,#E38FB7,227,143,183,331.0,60.0,72.5
2156,pink,medium light pink,Medium light pink,#DC9DB3,220,157,179,339.0,47.4,73.9
2160,pink,very light pink,Very soft pink,#FBBEDA,251,190,218,332.0,88.4,86.5
2161,brown,light pink-red,Very soft red,#ddadaf,221,173,175,357.0,41.4,77.3
2163,pink,light pink-red,Very soft red,#F78FA7,247,143,167,346.0,86.7,76.5
2166,pink,light pink-red,Very soft red,#ED999C,237,153,156,358.0,70.0,76.5
2171,pink,light red,Light red,#fdbcb4,253,188,180,6.0,94.8,84.9
2175,orange,light red-orange,Light red-orange,#f6a08c,246,160,140,11.0,85.5,75.7
2177,pink,medium light pink-red,Medium light red,#d998a0,217,152,160,352.0,46.1,72.4
2180,brown,medium light red,Medium light red,#e7968b,231,150,139,7.0,65.7,72.5
2181,brown,medium light red-orange,Medium light red,#E1AD9D,225,173,157,14.0,53.1,74.9
2184,pink,very light red,Very light red,#F7BFBE,247,191,190,1.0,78.1,85.7
2187,pink,very light red-orange,Very light red,#fcc9b9,252,201,185,14.0,91.8,85.7
2194,purple,medium light blue-magenta,Very soft violet,#BA93DF,186,147,223,271.0,54.3,72.5
2201,yellow,light yellow,Very soft yellow,#f7e98e,247,233,142,51.0,86.8,76.3
2206,grey,light yellow-green,Light yellow-green,#EAEDA6,234,237,166,63.0,66.4,79.0
2210,grey,medium light yellow,Medium light yellow,#E8E08E,232,224,142,55.0,66.2,73.3
2214,green,medium light yellow-green,Medium light yellow-green,#c9dc87,201,220,135,73.0,54.8,69.6
2218,grey,very light yellow,Very light yellow,#F6EABE,246,234,190,47.0,75.7,85.5
2219,green,very light yellow-green,Very light yellow-green,#F3FDC6,243,253,198,71.0,93.2,88.4
2220,blue,blue,Vivid blue,#0247FE,2,71,254,224.0,99.2,50.2
2221,blue,blue-magenta,Vivid blue,#1c1cf0,28,28,240,240.0,87.6,52.5
2225,blue,cyan-blue,Vivid blue,#1E90FF,30,144,255,210.0,100.0,55.9
2233,cyan,cyan,Vivid cyan,#15f2fd,21,242,253,182.0,98.3,53.7
2234,cyan,medium light green-cyan,Vivid cyan,#33FFCC,51,255,204,165.0,100.0,60.0
2235,green,green-cyan,Vivid green-cyan,#0BDA51,11,218,81,140.0,90.4,44.9
2236,green,green,Vivid green,#ADFF2F,173,255,47,84.0,100.0,59.2
2237,green,green,Vivid green,#87FF2A,135,255,42,94.0,100.0,58.2
2238,green,green,Vivid lime green,#39FF14,57,255,20,111.0,100.0,53.9
2239,pink,magenta,Vivid purple,#EF1DE7,239,29,231,302.0,86.8,52.5
2240,pink,magenta,Vivid purple,#ff1dce,255,29,206,313.0,100.0,55.7
2242,purple,magenta,Vivid purple,#C316E9,195,22,233,289.0,82.7,50.0
2249,orange,brown,Vivid brown,#fb9912,251,153,18,34.0,96.7,52.7
2256,orange,medium light brown,Medium light brown,#FF9933,255,153,51,30.0,100.0,60.0
2258,orange,orange,Vivid orange,#FF7518,255,117,24,24.0,100.0,54.7
2263,orange,red-orange,Vivid orange,#FC5110,252,81,16,17.0,97.5,52.5
2270,yellow,yellow,Yellow,#f6b511,246,181,17,42.0,92.7,51.6
2278,pink,magenta-pink,Vivid pink,#e0218a,224,33,138,327.0,75.5,50.4
2283,pink,medium light magenta,Vivid pink,#FF33CC,255,51,204,315.0,100.0,60.0
2286,pink,pink,Vivid pink,#F8227F,248,34,127,334.0,93.9,55.3
2296,red,pink-red,Vivid red,#FF033E,255,3,62,346.0,100.0,50.6
2305,red,red,Vivid red,#D9381E,217,56,30,8.0,75.7,48.4
2309,purple,blue-magenta,Vivid violet,#5218FA,82,24,250,255.0,95.8,53.7
2310,purple,blue-magenta,Vivid violet,#791CF8,121,28,248,265.0,94.0,54.1
2312,purple,magenta,Vivid violet,#BC13FE,188,19,254,283.0,99.2,53.5
2313,yellow,medium light yellow,Vivid yellow,#FFCC33,255,204,51,45.0,100.0,60.0
2314,yellow,medium light yellow-green,Vivid yellow,#FFFF33,255,255,51,60.0,100.0,60.0
2333,green,yellow-green,Vivid yellow-green,#C6E610,193,230,16,70.0,87.0,48.2
2340,white,very light grey,White,#FFFFFF,255,255,255,0.0,0.0,100.0
2344,yellow,yellow,Yellow,#ECD540,236,213,64,52.0,81.9,58.8
2348,green,yellow-green,Yellow-green,#D1E231,209,226,49,66.0,75.3,53.9